name,alias1,alias2,alias3
János Csendes,Janos Csendes,,
Richard Parker,Nathan Parker,,
Jay O Sullivan,Jay Sull,Jay O'Sullivan,James O'Sullivan
Ahmed Sayed,Ahmed Sayed​,,
Andrew Hamer,Andrew Hamer​,,
Barry J. Miller,Barry J Miller,,
Bird Nat,Rachel L - Bird N,Rachel Lachapelle,Rachelle Lachapelle
Blanche Ann Galietta,Blanche Galietta,,
Denby Pettitt,Denby Pettitt​,,
Daniela Faragau,Faragau Daniela,,
Matic Kovac,Matic Kovac​,,
Ron Carkeet,Ron Carkeet​,,
Rupert Nögel,Rupert Nogel,,
Travis Roberts,Travis,,
Zachary A. Wallace,Zachary Wallace,,